City_ID,City,Lat,Lng,Max Temp,Humidity,Cloudiness,Wind Speed,Country,Date
0,port alfred,-33.5906,26.891,63.18,92,100,1.99,ZA,1667850113
1,cape town,-33.9258,18.4232,63.91,77,0,4.61,ZA,1667849867
2,ushuaia,-54.8,-68.3,60.46,48,75,14.97,AR,1667849875
3,beloha,-25.1667,45.05,74.12,82,0,4.34,MG,1667850114
4,rikitea,-23.1203,-134.9692,72.77,92,100,24.38,PF,1667850114
5,ambon,-3.6954,128.1814,77.23,15,20,3.44,ID,1667850115
6,saint augustine,29.8947,-81.3145,79.09,92,75,17.27,US,1667849920
7,tasiilaq,65.6145,-37.6368,35.76,90,100,9.86,GL,1667850115
8,mataura,-46.1927,168.8643,52.43,90,100,1.45,NZ,1667850116
9,punta arenas,-53.15,-70.9167,64.51,45,75,18.41,CL,1667849929
10,amapa,1.0,-52.0,74.01,97,100,4.05,BR,1667850116
11,manama,26.2154,50.5832,82.58,65,0,8.05,BH,1667849819
12,castro,-24.7911,-50.0119,65.93,49,18,3.76,BR,1667850116
13,abha,18.2164,42.5053,62.42,94,41,0.0,SA,1667850117
14,dymer,50.7865,30.3026,41.95,65,13,9.93,UA,1667850117
15,atuona,-9.8,-139.0333,76.8,70,73,14.0,PF,1667850117
16,zhangjiakou,40.81,114.8794,34.66,30,0,1.03,CN,1667850118
17,geraldton,-28.7667,114.6,61.21,88,75,6.91,AU,1667850118
18,east london,-33.0153,27.9116,71.69,79,100,6.02,ZA,1667850119
19,khabary,53.6259,79.5345,28.06,89,93,2.86,RU,1667850119
20,barrow,71.2906,-156.7887,26.62,86,100,8.05,US,1667850119
21,abu road,24.4833,72.7833,77.95,35,94,1.63,IN,1667850120
22,namibe,-15.1961,12.1522,69.12,78,5,13.22,AO,1667850120
23,lorengau,-2.0226,147.2712,81.86,76,92,5.91,PG,1667850120
24,prienai,54.6333,23.95,46.67,93,39,9.33,LT,1667850121
25,bluff,-46.6,168.3333,53.6,84,81,6.82,NZ,1667850121
26,buluang,13.3068,123.3425,76.64,93,100,3.33,PH,1667850122
27,avarua,-21.2078,-159.775,77.05,69,40,5.75,CK,1667850122
28,tuatapere,-46.1333,167.6833,55.74,71,100,3.56,NZ,1667850123
29,mahebourg,-20.4081,57.7,74.25,83,20,8.05,MU,1667850123
30,mar del plata,-38.0023,-57.5575,77.83,77,0,23.02,AR,1667849989
31,aklavik,68.2191,-135.0107,-4.0,84,20,5.75,CA,1667850123
32,kapaa,22.0752,-159.319,81.12,75,40,13.8,US,1667849860
33,jamestown,42.097,-79.2353,55.04,26,0,19.57,US,1667850124
34,urengoy,65.9667,78.3667,22.03,97,100,5.84,RU,1667850124
35,kaitangata,-46.2817,169.8464,55.72,73,74,3.94,NZ,1667850125
36,bima,-8.4667,118.7167,77.07,92,100,2.89,ID,1667850125
37,busselton,-33.65,115.3333,52.95,91,8,9.93,AU,1667850125
38,hobart,-42.8794,147.3294,53.06,93,0,9.22,AU,1667850020
39,ponta do sol,32.6667,-17.1,71.01,90,95,2.89,PT,1667850126
40,wanaka,-44.7,169.15,54.1,75,34,1.99,NZ,1667850126
41,cockburn town,21.4612,-71.1419,78.76,78,75,9.22,TC,1667850126
42,albany,42.6001,-73.9662,67.41,30,0,1.01,US,1667849889
43,kruisfontein,-34.0033,24.7314,60.42,78,100,6.29,ZA,1667850127
44,woodstock,43.1334,-80.7497,51.87,51,0,17.0,CA,1667850127
45,vaini,-21.2,-175.2,77.16,73,20,6.91,TO,1667850128
46,solnechnyy,50.7214,136.6319,25.92,61,100,2.17,RU,1667850128
47,grindavik,63.8424,-22.4338,42.75,81,100,9.22,IS,1667850017
48,turukhansk,65.8167,87.9833,16.93,95,100,11.36,RU,1667850129
49,butaritari,3.0707,172.7902,79.88,76,17,7.18,KI,1667850129
50,hermanus,-34.4187,19.2345,60.8,85,59,11.7,ZA,1667850129
51,pangnirtung,66.1451,-65.7125,14.0,44,20,5.75,CA,1667850130
52,kholmogory,64.2229,41.656,37.96,96,100,8.39,RU,1667850130
53,banga,6.4239,124.7783,73.27,96,75,0.56,PH,1667850130
54,upernavik,72.7868,-56.1549,10.54,86,100,5.28,GL,1667850131
55,simao,22.7886,100.9748,53.1,82,0,1.54,CN,1667850131
56,batagay-alyta,67.8006,130.4114,-2.87,90,100,2.95,RU,1667850131
57,salalah,17.0151,54.0924,80.69,74,40,3.44,OM,1667850132
58,keti bandar,24.1447,67.4497,78.55,67,0,7.34,PK,1667850132
59,lebu,-37.6167,-73.65,58.59,68,1,11.54,CL,1667850133
60,ures,29.4333,-110.4,79.92,22,99,8.34,MX,1667850133
61,tenango,18.65,-98.1833,86.41,15,5,0.36,MX,1667850133
62,olenegorsk,68.15,33.3,26.85,97,93,1.21,RU,1667850134
63,kurilsk,45.2333,147.8833,43.16,72,35,12.21,RU,1667850134
64,bredasdorp,-34.5322,20.0403,61.12,83,44,7.34,ZA,1667850134
65,sistranda,63.7256,8.834,39.16,72,100,6.69,NO,1667850135
66,kieta,-6.2167,155.6333,78.82,81,27,3.2,PG,1667850135
67,hasaki,35.7333,140.8333,53.22,89,63,4.27,JP,1667850135
68,alofi,-19.0595,-169.9187,76.89,73,34,9.22,NU,1667850136
69,kenai,60.5544,-151.2583,22.14,89,100,6.91,US,1667850136
70,bonoua,5.2741,-3.595,80.22,86,100,4.61,CI,1667850137
71,ulaangom,49.9811,92.0667,22.87,89,81,2.89,MN,1667850137
72,klaksvik,62.2266,-6.589,49.12,91,96,32.14,FO,1667850137
73,kununurra,-15.7667,128.7333,78.78,78,5,3.44,AU,1667850138
74,kavieng,-2.5744,150.7967,81.57,77,84,6.38,PG,1667850138
75,san cristobal,7.7669,-72.225,80.78,63,84,4.54,VE,1667850138
76,fortuna,40.5982,-124.1573,52.36,90,75,10.36,US,1667850139
77,koumac,-20.5667,164.2833,77.0,83,100,11.1,NC,1667850139
78,beja,36.7256,9.1817,56.05,50,0,3.22,TN,1667850139
79,waingapu,-9.6567,120.2641,80.64,79,99,1.68,ID,1667850140
80,tiksi,71.6872,128.8694,1.13,91,100,19.55,RU,1667850140
81,qui nhon,13.7667,109.2333,72.64,90,100,9.78,VN,1667849993
82,san clemente,33.427,-117.612,68.76,85,93,5.01,US,1667850141
83,soyo,-6.1349,12.3689,78.96,83,41,7.14,AO,1667850141
84,acarau,-2.8856,-40.12,80.92,74,83,18.99,BR,1667850142
85,adrar,20.5022,-10.0711,81.1,14,0,7.85,MR,1667850142
86,oranjestad,12.524,-70.027,86.92,79,75,11.5,AW,1667850142
87,arman,59.7,150.1667,2.01,90,96,9.51,RU,1667850143
88,kamenka,51.3223,42.7678,31.68,87,100,6.04,RU,1667850143
89,cabo rojo,18.0866,-67.1457,86.05,81,9,4.0,PR,1667850143
90,esfahan,32.6572,51.6776,38.84,34,0,4.59,IR,1667850144
91,pevek,69.7008,170.3133,2.88,95,6,3.85,RU,1667850144
92,asasa,7.1,39.2,55.11,75,91,2.08,ET,1667850145
93,bethel,41.3712,-73.414,75.51,36,0,11.5,US,1667850145
94,saint-joseph,-21.3667,55.6167,70.18,80,60,8.84,RE,1667850146
95,yellowknife,62.456,-114.3525,5.56,85,100,5.75,CA,1667850146
96,victoria,22.2855,114.1577,71.26,93,100,8.99,HK,1667850146
97,jiaojiang,28.6803,121.4428,60.01,90,48,3.2,CN,1667850147
98,pisco,-13.7,-76.2167,68.02,72,0,11.5,PE,1667850147
99,samandag,36.0842,35.9771,59.52,83,100,4.5,TR,1667850147
100,moose factory,51.2585,-80.6094,33.8,80,100,18.41,CA,1667850148
101,pangody,65.85,74.4859,18.14,95,100,8.84,RU,1667850148
102,udachnyy,66.4167,112.4,-14.71,100,95,1.81,RU,1667850148
103,nova olinda do norte,-3.8881,-59.0942,78.28,81,100,4.03,BR,1667850149
104,kodiak,57.79,-152.4072,38.71,70,100,18.41,US,1667850125
105,vista hermosa,19.5167,-99.2167,73.54,17,0,4.61,MX,1667850149
106,henties bay,-22.116,14.2845,63.25,86,3,2.86,NA,1667850150
107,qaanaaq,77.484,-69.3632,-1.01,95,100,9.89,GL,1667850150
108,karratha,-20.7377,116.8463,66.94,63,0,16.13,AU,1667850150
109,new norfolk,-42.7826,147.0587,52.72,89,93,2.82,AU,1667850151
110,ilulissat,69.2167,-51.1,-5.15,88,15,6.51,GL,1667850151
111,sangar,63.9242,127.4739,-14.19,97,100,1.34,RU,1667850151
112,tabou,4.423,-7.3528,79.0,83,65,7.07,CI,1667850152
113,bengkulu,-3.8004,102.2655,73.81,93,100,3.67,ID,1667850152
114,chokurdakh,70.6333,147.9167,-11.85,93,73,12.24,RU,1667850153
115,kuching,1.55,110.3333,75.42,100,40,2.3,MY,1667849943
116,thinadhoo,0.5333,72.9333,81.57,78,71,17.38,MV,1667849912
117,ribeira grande,38.5167,-28.7,63.0,67,40,10.36,PT,1667850153
118,saskylakh,71.9167,114.0833,-23.87,99,24,4.97,RU,1667850154
119,dicabisagan,17.0818,122.4157,76.59,91,88,3.02,PH,1667850154
120,dubbo,-32.25,148.6167,55.53,94,100,8.05,AU,1667850154
121,kihei,20.785,-156.4656,86.02,64,20,14.97,US,1667850155
122,khor,47.8861,134.9464,25.86,82,7,5.44,RU,1667850155
123,bambous virieux,-20.3428,57.7575,74.21,83,20,8.05,MU,1667850156
124,taitung,22.7583,121.1444,73.38,86,11,9.64,TW,1667850156
125,souillac,-20.5167,57.5167,73.78,83,20,8.05,MU,1667850156
126,severomuysk,56.1481,113.4267,15.08,97,100,1.79,RU,1667850157
127,nikolskoye,59.7035,30.7861,42.69,87,100,9.66,RU,1667850157
128,kungurtug,50.5994,97.5228,20.71,85,79,1.05,RU,1667850157
129,christchurch,-43.5333,172.6333,58.91,85,100,6.91,NZ,1667850007
130,sur,22.5667,59.5289,82.87,59,78,7.65,OM,1667850158
131,puerto ayora,-0.7393,-90.3518,73.36,81,75,8.01,EC,1667850082
132,celestun,20.8667,-90.4,83.73,64,8,13.49,MX,1667850158
133,coahuayana,18.7333,-103.6833,87.53,61,10,5.77,MX,1667850159
134,esperance,-33.8667,121.9,58.84,84,99,15.32,AU,1667850159
135,pueblo nuevo,23.3833,-105.3833,73.44,21,0,6.29,MX,1667850159
136,beringovskiy,63.05,179.3167,29.3,96,100,18.1,RU,1667850160
137,palamos,41.8484,3.1291,64.99,58,46,5.99,ES,1667850160
138,hilo,19.7297,-155.09,80.26,80,40,9.22,US,1667850161
139,krasnoselkup,65.7,82.4667,19.18,96,100,10.65,RU,1667850161
140,cascais,38.6979,-9.4215,66.51,99,75,13.0,PT,1667850162
141,namatanai,-3.6667,152.4333,79.27,82,89,3.78,PG,1667850162
142,georgetown,5.4112,100.3354,80.53,83,20,5.01,MY,1667850132
143,palanga,55.9175,21.0686,51.82,87,75,11.5,LT,1667850162
144,chokwe,-24.5333,32.9833,73.74,85,6,5.23,MZ,1667850163
145,yulara,-25.2406,130.9889,74.03,47,80,4.54,AU,1667850163
146,ucluelet,48.9329,-125.5528,44.91,83,96,11.83,CA,1667850163
147,ustka,54.5805,16.8619,49.64,78,100,18.34,PL,1667850164
148,faanui,-16.4833,-151.75,78.67,75,19,7.25,PF,1667850164
149,usinsk,65.9939,57.5281,25.23,96,100,13.73,RU,1667850164
150,carnarvon,-24.8667,113.6333,65.43,66,24,13.53,AU,1667850165
151,dikson,73.5069,80.5464,4.77,93,100,11.95,RU,1667850165
152,saint anthony,45.0205,-93.218,35.92,55,20,4.61,US,1667850165
153,kahului,20.8947,-156.47,86.02,59,20,14.97,US,1667850166
154,charters towers,-20.1,146.2667,66.31,79,0,8.21,AU,1667850166
155,arraial do cabo,-22.9661,-42.0278,73.36,64,75,9.22,BR,1667850166
156,srednekolymsk,67.45,153.6833,-20.09,100,92,0.25,RU,1667850167
157,longyearbyen,78.2186,15.6401,24.64,86,75,9.22,SJ,1667850167
158,sioux lookout,50.1001,-91.917,32.07,74,75,11.5,CA,1667850167
159,voh,-20.9667,164.7,75.94,87,100,6.91,NC,1667850168
160,saint-philippe,-21.3585,55.7679,71.19,82,62,10.49,RE,1667850168
161,abancay,-13.6339,-72.8814,77.58,31,18,12.17,PE,1667850168
162,tuktoyaktuk,69.4541,-133.0374,1.4,78,40,8.05,CA,1667850169
163,narsaq,60.9167,-46.05,32.22,89,100,4.16,GL,1667850169
164,bubaque,11.2833,-15.8333,83.71,66,84,10.63,GW,1667850169
165,sao filipe,14.8961,-24.4956,78.89,68,32,4.97,CV,1667850170
166,tiznit,29.5833,-9.5,69.44,33,37,0.72,MA,1667850170
167,erzincan,39.75,39.5,49.3,66,75,17.27,TR,1667850170
168,thompson,55.7435,-97.8558,6.96,66,20,6.91,CA,1667850171
169,severomorsk,69.0689,33.4162,25.2,96,55,4.41,RU,1667850171
170,erzin,36.9559,36.2,60.58,77,100,2.24,TR,1667850172
171,vytegra,61.0064,36.4481,38.79,91,100,9.93,RU,1667850172
172,saint-pierre,-21.3393,55.4781,71.28,78,0,4.61,RE,1667850172
173,evensk,61.95,159.2333,25.27,93,100,0.54,RU,1667850173
174,novichikha,52.204,81.3877,27.57,80,100,5.12,RU,1667850173
175,carutapera,-1.195,-46.02,77.0,92,100,5.53,BR,1667850173
176,dandong,40.1292,124.3947,39.11,71,0,4.59,CN,1667850174
177,cayenne,4.9333,-52.3333,80.64,78,100,2.3,GF,1667850161
178,dakar,14.6937,-17.4441,83.28,78,0,13.8,SN,1667850174
179,mala,-12.6581,-76.6308,70.03,66,26,7.34,PE,1667850174
180,kromy,52.6876,35.7667,36.75,81,100,8.21,RU,1667850175
181,kushmurun,52.4503,64.6311,26.04,97,93,4.92,KZ,1667850175
182,moletai,55.2333,25.4167,43.92,93,68,9.73,LT,1667850176
183,canchungo,12.0672,-16.0333,84.33,62,87,5.48,GW,1667850176
184,okhotsk,59.3833,143.3,7.54,81,56,15.86,RU,1667850176
185,ulladulla,-35.35,150.4667,57.58,87,4,3.65,AU,1667850177
186,ayan,56.45,138.1667,10.36,58,99,15.97,RU,1667850177
187,nago,26.5881,127.9761,71.46,83,100,11.48,JP,1667850177
188,mandera,3.9366,41.867,86.18,49,99,8.48,KE,1667850178
189,atasu,48.6814,71.6433,28.45,65,100,4.16,KZ,1667850163
190,baker city,44.7749,-117.8344,42.51,42,0,16.11,US,1667850178
191,horn lake,34.9554,-90.0348,71.19,95,100,6.91,US,1667850179
192,maragogi,-9.0122,-35.2225,78.28,78,99,3.13,BR,1667850179
193,mantua,45.1667,10.7833,50.95,86,1,1.3,IT,1667850179
194,tagusao,9.1924,117.8141,78.73,85,100,2.93,PH,1667850180
195,kloulklubed,7.0419,134.2556,84.07,68,100,1.45,PW,1667850180
196,leh,34.1667,77.5833,27.75,70,39,2.46,IN,1667850180
197,samarai,-10.6167,150.6667,80.6,79,11,4.81,PG,1667850181
198,hithadhoo,-0.6,73.0833,81.55,78,90,17.2,MV,1667850181
199,suhbaatar,50.2314,106.2078,28.63,64,100,2.28,MN,1667850181
200,estreito,-5.7833,-43.25,81.9,73,100,2.64,BR,1667850182
201,provideniya,64.3833,-173.3,29.48,95,100,21.16,RU,1667850182
202,baykit,61.67,96.37,13.39,96,91,4.74,RU,1667850183
203,hamilton,39.1834,-84.5333,68.59,25,0,9.22,US,1667850160
204,severo-kurilsk,50.6789,156.125,35.85,75,89,12.95,RU,1667849939
205,metro,-5.1131,105.3067,74.43,94,100,5.44,ID,1667850183
206,north myrtle beach,33.816,-78.68,84.22,69,20,6.91,US,1667850110
207,teguise,29.0605,-13.564,68.22,78,0,10.36,ES,1667850184
208,kadambur,8.9833,77.8667,76.12,83,46,9.19,IN,1667850184
209,siocon,7.7061,122.1353,78.28,87,97,2.13,PH,1667850184
210,imbituba,-28.24,-48.6703,64.13,83,51,9.44,BR,1667850185
211,osypenko,46.9136,36.8253,40.78,75,96,12.97,UA,1667850185
212,belyy yar,53.6039,91.3903,24.85,90,40,2.24,RU,1667850186
213,namie,37.4833,141.0,41.54,79,5,6.38,JP,1667850186
214,anloga,5.7947,0.8973,81.97,77,93,9.42,GH,1667850186
215,petawawa,45.9001,-77.3328,51.39,42,75,14.97,CA,1667850187
216,dubai,25.2582,55.3047,84.13,61,0,3.44,AE,1667849933
217,bealanana,-14.55,48.7333,62.91,92,99,1.48,MG,1667850187
218,korla,41.7597,86.1469,46.36,39,100,1.68,CN,1667850187
219,codrington,-38.2667,141.9667,57.02,90,4,7.18,AU,1667850188
220,tangkak,2.2673,102.5453,79.16,93,100,3.65,MY,1667850188
221,aquiraz,-3.9014,-38.3911,84.29,69,84,11.3,BR,1667850188
222,tura,25.5198,90.2201,64.47,84,4,3.4,IN,1667850189
223,bichena,10.45,38.2,52.56,43,51,5.08,ET,1667850190
224,zhigansk,66.7697,123.3711,-11.22,95,100,4.76,RU,1667850190
225,clyde river,70.4692,-68.5914,8.83,72,75,5.75,CA,1667850190
226,atar,20.5169,-13.0499,82.99,14,0,2.3,MR,1667850191
227,mehamn,71.0357,27.8492,35.55,93,75,3.44,NO,1667850191
228,rocha,-34.4833,-54.3333,66.25,63,0,12.41,UY,1667850191
229,caravelas,-17.7125,-39.2481,73.99,65,100,7.65,BR,1667850192
230,tres arroyos,-38.3739,-60.2798,84.45,18,58,16.28,AR,1667850192
231,asfi,32.2994,-9.2372,65.91,84,15,4.94,MA,1667850181
232,yakeshi,49.2833,120.7333,13.03,92,63,3.78,CN,1667850193
233,leningradskiy,69.3833,178.4167,11.46,87,100,2.39,RU,1667850193
234,norman wells,65.282,-126.8329,1.44,85,20,5.75,CA,1667850193
235,dingle,10.9995,122.6711,75.79,92,55,5.59,PH,1667850194
236,naqadeh,36.9553,45.388,48.88,63,100,4.27,IR,1667850194
237,omsukchan,62.5333,155.8,12.54,95,100,4.54,RU,1667850195
238,talas,38.6908,35.5538,47.07,71,75,9.22,TR,1667850195
239,half moon bay,37.4636,-122.4286,62.22,58,0,11.5,US,1667850079
240,maba,24.6841,113.5984,62.6,95,60,1.5,CN,1667850195
241,cachoeira do sul,-30.0392,-52.8939,68.32,53,55,8.37,BR,1667849924
242,batouri,4.4333,14.3667,72.12,80,89,2.84,CM,1667850196
243,madang,-5.2246,145.7966,74.61,92,100,2.37,PG,1667850196
244,hinton,53.4001,-117.5857,1.72,92,100,9.57,CA,1667850197
245,severnoye,56.3491,78.3619,20.77,99,84,1.81,RU,1667850197
246,jiaocheng,24.6774,116.1389,65.17,96,100,2.95,CN,1667850197
247,puerto quijarro,-17.7833,-57.7667,98.71,14,0,6.02,BO,1667850198
248,akdagmadeni,39.6603,35.8836,45.59,80,100,6.44,TR,1667850198
249,falam,22.9167,93.6833,52.36,94,10,2.57,MM,1667850198
250,bodden town,19.2833,-81.25,86.0,66,20,12.66,KY,1667850199
251,cairo,30.0626,31.2497,74.16,43,0,8.05,EG,1667849906
252,cidreira,-30.1811,-50.2056,64.18,78,15,13.02,BR,1667850199
253,tarko-sale,64.9225,77.785,20.95,96,100,10.02,RU,1667850200
254,sechura,-5.5569,-80.8222,75.42,60,27,13.85,PE,1667850200
255,san patricio,28.017,-97.5169,87.66,56,0,13.13,US,1667850200
256,vao,-22.6667,167.4833,74.61,84,83,18.01,NC,1667850201
257,airai,-8.9266,125.4092,61.75,86,100,1.1,TL,1667850201
258,grand gaube,-20.0064,57.6608,74.37,70,0,5.01,MU,1667850201
259,kencong,-8.2833,113.3667,75.7,91,94,1.83,ID,1667850202
260,tukrah,32.5341,20.5791,69.04,69,4,9.62,LY,1667850202
261,tsabong,-26.0217,22.401,62.83,78,99,11.97,BW,1667850202
262,chuy,-33.6971,-53.4616,65.3,61,3,12.24,UY,1667850203
263,koupela,12.1794,-0.3517,80.96,14,77,8.01,BF,1667850203
264,betong,5.7743,101.0723,70.66,99,92,2.26,TH,1667850203
265,auki,-8.7676,160.7034,79.03,86,87,6.55,SB,1667850204
266,gimli,50.6336,-96.9907,26.62,74,94,10.36,CA,1667849994
267,lagoa,39.05,-27.9833,62.89,66,100,18.3,PT,1667850204
268,puerto escondido,15.85,-97.0667,88.63,55,20,3.44,MX,1667850205
269,brae,60.3964,-1.353,50.5,87,100,20.98,GB,1667850205
270,faya,18.3851,42.4509,62.71,82,20,2.35,SA,1667850205
271,estelle,29.8458,-90.1067,86.0,61,40,9.22,US,1667850206
272,le port,-20.9373,55.2919,71.6,75,78,4.54,RE,1667850206
273,vestmannaeyjar,63.4427,-20.2734,43.74,82,100,14.32,IS,1667850207
274,zaysan,47.4667,84.8667,44.6,46,99,2.06,KZ,1667850207
275,barranca,-10.75,-77.7667,66.99,71,6,9.82,PE,1667850207
276,itarema,-2.9248,-39.9167,80.67,73,95,17.85,BR,1667850208
277,atlantic city,39.3643,-74.4229,80.78,29,0,13.8,US,1667849937
278,iqaluit,63.7506,-68.5145,19.13,67,75,16.11,CA,1667850208
279,meiganga,6.5167,14.3,69.3,77,100,3.89,CM,1667850209
280,bathsheba,13.2167,-59.5167,86.61,70,40,17.27,BB,1667850209
281,grand-santi,4.25,-54.3833,77.2,96,100,2.68,GF,1667850209
282,lazaro cardenas,17.9583,-102.2,83.71,70,17,9.15,MX,1667850074
283,trstena,49.361,19.6125,42.58,94,15,3.8,SK,1667850210
284,newport,51.5877,-2.9984,58.6,85,100,30.06,GB,1667850210
285,port macquarie,-31.4333,152.9167,56.89,85,50,1.03,AU,1667850210
286,touros,-5.1989,-35.4608,80.33,64,100,10.78,BR,1667850211
287,cherskiy,68.75,161.3,-5.51,98,23,4.21,RU,1667850211
288,mount isa,-20.7333,139.5,67.77,68,0,0.0,AU,1667850212
289,taua,-5.9667,-40.3,83.07,55,74,9.82,BR,1667850212
290,cabedelo,-6.9811,-34.8339,84.87,69,58,10.31,BR,1667850212
291,batagay,67.6333,134.6333,-4.9,98,100,3.44,RU,1667850213
292,thiruvananthapuram,8.4833,76.9167,80.58,83,75,0.0,IN,1667850213
293,guerrero negro,27.9769,-114.0611,69.62,64,98,13.24,MX,1667850017
294,tanete,-3.9443,119.7848,74.39,94,100,2.53,ID,1667850213
295,buraydah,26.326,43.975,73.85,62,0,10.38,SA,1667850214
296,meulaboh,4.1363,96.1285,76.64,88,100,3.24,ID,1667850214
297,college,64.8569,-147.8028,18.81,73,100,3.44,US,1667850214
298,nangwa,-4.4667,35.45,62.35,77,100,9.93,TZ,1667850215
299,omihachiman,35.1286,136.0976,52.61,75,0,2.98,JP,1667850215
300,tolbazy,54.0241,55.8825,25.92,95,100,5.41,RU,1667850215
301,praia da vitoria,38.7333,-27.0667,62.85,72,40,13.82,PT,1667850216
302,saint-francois,46.4154,3.9054,48.67,93,0,2.3,FR,1667850216
303,zhanaozen,43.3,52.8,34.25,69,5,4.38,KZ,1667850217
304,qaqortoq,60.7167,-46.0333,24.51,93,100,3.02,GL,1667850217
305,pasuruan,-7.6453,112.9075,75.09,81,100,2.93,ID,1667850217
306,benguela,-12.5763,13.4055,76.28,76,32,7.81,AO,1667850113
307,haines junction,60.7522,-137.5108,-7.65,77,16,1.14,CA,1667850218
308,dukat,62.55,155.55,11.01,95,100,5.41,RU,1667850218
309,marystown,47.1666,-55.1483,55.78,93,93,19.98,CA,1667850218
310,ramanuj ganj,23.8,83.7,60.67,74,4,2.86,IN,1667850219
311,kendari,-3.945,122.4989,74.57,93,100,4.12,ID,1667850219
312,porbandar,21.6422,69.6093,77.88,63,52,7.25,IN,1667850219
313,wilkie,52.4168,-108.7014,7.18,86,100,15.14,CA,1667850220
314,ghanzi,-21.5667,21.7833,64.96,79,29,7.76,BW,1667850220
315,carmen,18.6333,-91.8333,81.7,70,81,6.93,MX,1667850084
316,dillon,34.4166,-79.3712,87.87,46,3,8.46,US,1667850221
317,vila franca do campo,37.7167,-25.4333,64.2,86,100,7.38,PT,1667850221
318,asyut,27.181,31.1837,70.25,35,99,9.37,EG,1667850221
319,burnie,-41.0667,145.9167,52.95,76,32,4.65,AU,1667850222
320,paris,48.8534,2.3488,57.97,84,0,13.8,FR,1667850222
321,alice springs,-23.7,133.8833,67.55,26,26,1.14,AU,1667850222
322,hanstholm,57.1167,8.6167,52.39,87,40,13.33,DK,1667850223
323,quchan,37.106,58.5095,36.99,73,65,8.84,IR,1667850223
324,port elizabeth,-33.918,25.5701,65.32,89,0,13.8,ZA,1667850113
325,tuyen quang,21.8233,105.2181,65.71,88,1,1.92,VN,1667850224
326,springbok,-29.6643,17.8865,62.69,52,25,3.51,ZA,1667850224
327,vostok,46.4856,135.8833,26.51,94,41,4.47,RU,1667850224
328,san isidro,-12.1167,-77.05,65.79,68,0,10.36,PE,1667850225
329,jardim,-21.4803,-56.1381,85.77,25,41,8.1,BR,1667850225
330,dvinskoy,62.1535,45.1175,35.19,97,100,8.77,RU,1667850225
331,stornoway,58.2093,-6.3865,52.93,93,75,17.27,GB,1667850226
332,luderitz,-26.6481,15.1594,62.91,85,1,7.31,NA,1667850226
333,sungaipenuh,-2.0833,101.3833,64.65,97,100,0.54,ID,1667850227
334,orodara,10.9492,-4.9342,76.35,25,52,3.94,BF,1667850227
335,ellensburg,46.9965,-120.5479,41.02,80,0,8.05,US,1667850227
336,nacala,-14.5428,40.6728,76.64,85,0,11.34,MZ,1667850228
337,dali,25.7,100.1833,47.1,80,0,3.04,CN,1667850228
338,cabra,37.4725,-4.4421,58.84,45,29,2.55,ES,1667850228
339,hualmay,-11.0964,-77.6139,68.65,70,10,9.62,PE,1667850229
340,atambua,-9.1061,124.8925,75.43,85,100,2.3,ID,1667850229
341,korem,12.5058,39.5228,55.02,59,8,3.89,ET,1667850230
342,tecoanapa,16.5167,-98.75,84.4,72,63,8.9,MX,1667850230
343,igdir,39.9237,44.045,48.13,52,75,4.61,TR,1667850230
344,morondava,-20.2833,44.2833,80.04,75,28,9.53,MG,1667850231
345,bahia blanca,-38.7196,-62.2724,84.72,26,0,18.41,AR,1667849987
346,phibun mangsahan,15.2447,105.2291,69.78,81,7,6.29,TH,1667850231
347,hofn,64.2539,-15.2082,42.82,81,75,20.71,IS,1667850231
348,anan,33.9167,134.65,53.38,80,3,11.36,JP,1667850232
349,antalya,36.7741,30.7178,60.1,82,75,6.91,TR,1667850232
350,merauke,-8.4667,140.3333,77.76,86,91,7.14,ID,1667850232
351,necochea,-38.5473,-58.7368,79.16,30,2,15.66,AR,1667850233
352,albanel,48.8832,-72.4487,48.34,53,77,25.32,CA,1667850233
353,buchanan,5.8808,-10.0467,77.94,85,100,5.28,LR,1667850234
354,yar-sale,66.8333,70.8333,22.08,92,100,7.76,RU,1667850234
355,kastamonu,41.5,33.6667,46.63,87,64,3.36,TR,1667850234
356,caraballeda,10.6112,-66.8522,92.37,60,93,4.61,VE,1667850235
357,abu kamal,34.4506,40.9171,69.46,28,47,14.63,SY,1667850235
358,lucapa,-8.4192,20.7447,66.74,99,100,2.51,AO,1667850236
359,salihli,38.4826,28.1477,53.69,80,0,4.09,TR,1667850236
360,cururupu,-1.8283,-44.8683,79.61,82,72,3.53,BR,1667850237
361,nelson bay,-32.7167,152.15,64.99,94,4,3.0,AU,1667850237
362,tolaga bay,-38.3667,178.3,59.14,65,98,5.26,NZ,1667850238
363,jinchang,38.4953,102.1739,39.42,41,89,4.29,CN,1667850238
364,jibuti,11.5,42.5,74.7,72,4,12.57,DJ,1667850238
365,vilhena,-12.7406,-60.1458,91.62,24,20,8.05,BR,1667850239
366,husavik,66.0449,-17.3389,39.99,94,100,10.38,IS,1667850239
367,torbay,47.6666,-52.7314,59.76,96,100,21.85,CA,1667850239
368,saint george,37.1041,-113.5841,71.26,28,0,26.46,US,1667850061
369,kedgwick,47.6446,-67.3434,50.63,56,18,13.42,CA,1667850240
370,roald,62.5833,6.1333,47.75,87,75,8.05,NO,1667850240
371,lingyuan,41.24,119.4011,34.63,33,4,4.25,CN,1667850241
372,liwale,-9.7667,37.9333,70.72,76,6,7.61,TZ,1667850241
373,ca mau,9.1769,105.15,74.7,93,100,3.0,VN,1667850241
374,birin,26.8865,88.0718,52.52,85,21,4.03,NP,1667850242
375,cedar city,37.6775,-113.0619,56.37,35,0,29.93,US,1667850242
376,taos,36.4072,-105.5731,59.2,32,0,5.75,US,1667850227
377,cesvaine,56.9667,26.3167,43.18,93,100,8.95,LV,1667850243
378,vardo,70.3705,31.1107,35.58,87,75,5.75,NO,1667850243
379,padang,-0.9492,100.3543,76.78,88,99,2.98,ID,1667850244
380,rincon,32.296,-81.2354,82.36,42,20,11.5,US,1667850244
381,talnakh,69.4865,88.3972,4.21,97,100,6.98,RU,1667850244
382,san jose,37.3394,-121.895,62.78,54,40,6.91,US,1667850142
383,ilebo,-4.3167,20.5833,69.15,92,52,0.72,CD,1667850245
384,kaoma,-14.7833,24.8,63.93,87,92,4.68,ZM,1667850246
385,sakaiminato,35.55,133.2333,48.18,100,20,6.91,JP,1667850246
386,alagoinha,-6.95,-35.545,82.06,55,97,15.37,BR,1667850246
387,lavrentiya,65.5833,-171.0,28.35,96,100,16.15,RU,1667850247
388,savannah bight,16.45,-85.85,81.86,69,14,11.65,HN,1667850247
389,tapes,-30.6733,-51.3958,65.23,71,12,12.21,BR,1667850247
390,bonavista,48.6499,-53.1147,52.81,92,100,16.37,CA,1667850248
391,bay roberts,47.5999,-53.2648,60.51,95,97,8.01,CA,1667850248
392,hay river,60.8156,-115.7999,3.18,72,40,9.22,CA,1667850248
393,filingue,14.3521,3.3168,82.69,12,47,7.16,NE,1667850249
394,neverkino,52.7854,46.7417,30.87,86,100,6.98,RU,1667850249
395,suez,29.9737,32.5263,69.93,40,0,8.9,EG,1667850250
396,filadelfia,39.9523,-75.1638,78.3,35,0,12.66,US,1667850072
397,port blair,11.6667,92.75,79.09,82,100,8.95,IN,1667850250
398,komsomolskiy,40.4272,71.7189,52.52,71,100,2.3,UZ,1667850251
399,santo antonio do ica,-3.1022,-67.9397,81.84,74,100,1.63,BR,1667850251
400,talwara,31.9486,75.8667,67.37,50,2,3.98,IN,1667850251
401,katsuura,35.1333,140.3,60.46,88,5,8.75,JP,1667850252
402,papara,-3.9839,-38.7273,82.8,63,94,8.57,BR,1667850252
403,dutlwe,-23.9833,23.9,66.79,84,100,2.64,BW,1667850253
404,puerto penasco,31.3167,-113.5333,74.05,64,82,16.62,MX,1667850253
405,ust-maya,60.4167,134.5333,-5.28,99,100,2.19,RU,1667850253
406,huarmey,-10.0681,-78.1522,69.49,72,12,10.6,PE,1667850254
407,karaikkudi,10.0667,78.7833,74.44,90,85,9.13,IN,1667850254
408,richards bay,-28.783,32.0377,72.28,83,99,10.87,ZA,1667850255
409,damghan,36.1683,54.348,45.3,61,87,0.76,IR,1667850255
410,verkhnevilyuysk,63.4453,120.3167,-16.62,99,28,2.68,RU,1667850255
411,sao joao da barra,-21.6403,-41.0511,78.89,69,29,10.56,BR,1667850256
412,gizo,-8.103,156.8419,81.34,78,100,6.55,SB,1667850256
413,edd,13.9297,41.6925,85.14,63,6,15.01,ER,1667850256
414,sola,-13.8833,167.55,81.05,73,93,10.71,VU,1667850257
415,jacqueville,5.2052,-4.4146,80.47,81,74,8.66,CI,1667850257
416,asau,46.4333,26.4,42.28,79,84,2.91,RO,1667850257
417,cabo san lucas,22.8909,-109.9124,84.61,62,5,9.98,MX,1667850139
418,linjiang,41.8069,126.9078,25.45,96,58,1.14,CN,1667850258
419,sept-iles,50.2001,-66.3821,45.05,92,75,5.75,CA,1667850015
420,taoudenni,22.6783,-3.9836,79.59,18,1,11.01,ML,1667850258
421,urambo,-5.0667,32.05,66.13,86,99,3.87,TZ,1667850259
422,ola,59.5833,151.2833,2.14,77,99,8.52,RU,1667850259
423,saldanha,-33.0117,17.9442,61.25,89,4,9.15,ZA,1667850260
424,bairiki,1.3292,172.9752,77.0,88,40,3.44,KI,1667850260
425,erdenet,49.0333,104.0833,30.02,48,7,5.23,MN,1667850260
426,damavand,35.7178,52.065,39.42,73,100,3.65,IR,1667850261
427,nandi hills,0.1066,35.1838,59.88,90,93,4.09,KE,1667850261
428,bayir,37.2687,28.2167,54.12,72,0,4.41,TR,1667850261
429,katangli,51.7102,143.2326,22.24,83,22,9.82,RU,1667850262
430,ardahan,41.1087,42.7022,31.37,82,100,4.23,TR,1667850262
431,villa carlos paz,-31.4241,-64.4978,85.39,21,100,17.0,AR,1667850262
432,nanortalik,60.1432,-45.2371,27.5,89,100,0.51,GL,1667850263
433,gisborne,-38.6533,178.0042,58.19,63,86,4.25,NZ,1667850263
434,coquimbo,-29.9533,-71.3436,60.53,77,100,11.5,CL,1667850263
435,ambilobe,-13.2,49.05,75.2,64,85,6.58,MG,1667850264
436,caiaponia,-16.9567,-51.8103,89.67,22,30,7.2,BR,1667850264
437,manadhoo,5.7667,73.3833,81.59,74,2,8.1,MV,1667850265
438,ullapool,57.8987,-5.1604,48.13,94,100,8.16,GB,1667850265
439,khani,41.9563,42.9566,45.97,67,100,6.06,GE,1667850266
440,soavinandriana,-19.1667,46.7333,61.54,83,100,2.26,MG,1667850266
441,farliug,45.4883,21.8494,54.0,80,100,2.57,RO,1667850266
442,menongue,-14.6585,17.691,71.49,57,92,4.43,AO,1667850033
443,hohen neuendorf,52.6667,13.2833,56.08,80,90,1.01,DE,1667850267
444,portland,45.5234,-122.6762,43.38,91,100,8.01,US,1667849985
445,lithakia,37.7167,20.8333,56.57,65,0,6.91,GR,1667850267
446,ancud,-41.8697,-73.8203,57.72,75,56,8.01,CL,1667850268
447,linxia,35.6003,103.2064,42.53,76,14,1.86,CN,1667850268
448,sitka,57.0531,-135.33,33.69,27,0,16.11,US,1667850269
449,boralday,43.3578,76.8594,46.26,93,100,4.47,KZ,1667850269
450,port keats,-14.25,129.55,82.98,70,13,7.45,AU,1667850269
451,discovery bay,37.9085,-121.6002,61.32,47,20,10.36,US,1667850270
452,lompoc,34.6391,-120.4579,59.77,96,100,10.36,US,1667850270
453,las vegas,36.175,-115.1372,73.83,32,0,23.02,US,1667850122
454,fuyang,32.9,115.8167,56.14,62,78,6.49,CN,1667850270
455,broome,42.2506,-75.833,66.38,28,0,16.11,US,1667850271
456,mudanjiang,44.5833,129.6,27.82,76,0,4.07,CN,1667850271
457,millet,53.1001,-113.4687,9.19,94,100,11.77,CA,1667850272
458,tarancon,40.0085,-3.0073,55.02,45,99,5.99,ES,1667850272
459,iracoubo,5.4802,-53.2011,78.91,85,99,9.48,GF,1667850272
460,halifax,44.6453,-63.5724,62.69,94,100,21.85,CA,1667850212
461,centralia,46.7162,-122.9543,43.95,91,100,11.5,US,1667850252
462,chimbote,-9.0853,-78.5783,67.42,76,18,10.54,PE,1667850052
463,eureka,40.8021,-124.1637,52.36,82,100,8.99,US,1667850273
464,luwuk,-0.9516,122.7875,77.32,88,100,2.64,ID,1667850273
465,ostrovnoy,68.0531,39.5131,29.66,94,95,4.79,RU,1667850274
466,launceston,-41.45,147.1667,52.16,88,31,6.91,AU,1667850274
467,banff,51.1762,-115.5698,-0.02,71,100,9.22,CA,1667850274
468,arawa,-6.2132,155.5367,77.14,86,28,1.34,PG,1667850275
469,port lincoln,-34.7333,135.8667,67.41,57,100,13.51,AU,1667850275
470,vinh,18.6667,105.6667,67.1,89,48,4.74,VN,1667850276
471,juegang,32.3174,121.1855,57.9,81,0,2.77,CN,1667850276
472,kondinskoye,59.6481,67.41,16.3,97,67,6.78,RU,1667850276
473,yumen,40.2833,97.2,38.05,37,49,8.05,CN,1667850277
474,alyangula,-13.8483,136.4192,80.92,72,100,4.09,AU,1667850277
475,gat,31.61,34.7642,66.88,53,1,4.18,IL,1667850049
476,longview,32.5007,-94.7405,84.45,65,20,6.91,US,1667850132
477,tougue,11.4667,-11.6,74.77,51,83,0.56,GN,1667850278
478,ketchikan,55.3422,-131.6461,30.67,27,0,9.22,US,1667850278
479,murcia,38.0,-1.5,60.73,52,0,3.02,ES,1667850278
480,gao,16.6362,1.637,77.34,12,80,11.54,ML,1667850279
481,stari bohorodchany,48.8336,24.5243,51.46,78,100,3.06,UA,1667850279
482,avera,33.194,-82.5271,81.55,50,11,6.85,US,1667850279
483,naze,28.3667,129.4833,63.52,69,4,9.26,JP,1667850280
484,nuuk,64.1835,-51.7216,18.21,79,0,11.5,GL,1667850280
485,iwanai,42.9744,140.5089,36.93,80,96,5.12,JP,1667850280
486,shubarshi,48.5872,57.1869,26.17,90,8,6.17,KZ,1667850281
487,pokhara,28.2333,83.9833,60.94,59,88,4.36,NP,1667850281
488,marfino,55.7028,37.3822,35.94,92,100,8.95,RU,1667850281
489,berlevag,70.8578,29.0864,35.6,87,100,5.75,NO,1667850282
490,sisophon,13.5859,102.9737,72.01,68,100,6.64,KH,1667850282
491,tornio,65.8481,24.1466,26.62,77,5,1.1,FI,1667850283
492,kavaratti,10.5669,72.642,81.54,71,19,3.09,IN,1667850283
493,dombarovskiy,50.7587,59.5386,22.33,98,45,7.11,RU,1667850283
494,la campana,37.5689,-5.4267,64.99,59,15,5.46,ES,1667850284
495,ahuimanu,21.4447,-157.8378,82.11,68,20,17.27,US,1667850284
496,nova vicosa,-17.8919,-39.3719,74.26,66,100,9.35,BR,1667850284
497,caloundra,-26.8,153.1333,61.9,91,70,7.11,AU,1667849991
498,coxim,-18.5067,-54.76,94.78,18,69,6.46,BR,1667850285
499,buin,-33.7333,-70.75,89.42,22,100,11.01,CL,1667850285
500,matara,5.9485,80.5353,75.99,87,100,1.63,LK,1667850286
501,mount gambier,-37.8333,140.7667,55.53,86,0,6.44,AU,1667850109
502,barcelona,41.3888,2.159,63.54,85,0,4.61,ES,1667850064
503,green river,41.5286,-109.4662,53.19,47,100,11.01,US,1667850206
504,russell,32.3502,-85.1999,85.28,45,6,6.22,US,1667850286
505,mezen,65.8522,44.24,33.51,98,100,6.58,RU,1667850287
506,lufkin,31.3382,-94.7291,85.84,67,40,5.75,US,1667850133
507,jiuquan,39.7432,98.5174,35.94,38,55,2.24,CN,1667850287
508,bria,6.5423,21.9863,70.95,93,100,0.69,CF,1667850287
509,zhicheng,30.2956,111.5047,61.66,63,100,1.63,CN,1667850288
510,boa vista,2.8197,-60.6733,87.78,58,40,6.91,BR,1667850031
511,galesong,-5.3166,119.3661,73.42,84,98,4.43,ID,1667850288
512,fairbanks,64.8378,-147.7164,18.82,76,0,3.44,US,1667850187
513,agadir,30.4202,-9.5982,72.05,49,9,2.73,MA,1667850289
514,novobataysk,46.8981,39.7819,41.81,72,100,12.48,RU,1667850289
515,colares,38.7992,-9.4469,66.33,99,75,13.0,PT,1667850289
516,luanda,-8.8368,13.2343,80.6,78,20,10.36,AO,1667850129
517,bucyrus,40.8084,-82.9755,61.95,26,13,10.18,US,1667850145
518,roma,43.2128,-75.4557,61.38,35,0,19.57,US,1667850123
519,domoni,-12.2569,44.5319,77.41,86,18,6.29,KM,1667850290
520,takoradi,4.8845,-1.7554,79.61,82,82,7.49,GH,1667850291
521,riyadh,24.6877,46.7219,75.34,58,0,7.43,SA,1667850043
522,valdivia,-39.8142,-73.2459,73.49,46,0,5.93,CL,1667850270
523,wasilla,61.5814,-149.4394,18.18,68,0,11.5,US,1667850174
524,winsum,53.33,6.5208,55.96,90,100,20.98,NL,1667850291
525,shinyanga,-3.6667,33.4333,76.96,55,100,5.08,TZ,1667850292
526,port lavaca,28.615,-96.6261,90.3,82,0,13.8,US,1667850292
527,bure,10.7,37.0667,55.67,80,58,5.08,ET,1667850292
528,irbil,36.1926,44.0106,58.82,29,94,0.0,IQ,1667850108
529,bilma,18.6853,12.9164,75.47,17,0,6.26,NE,1667850293
530,becerril,9.7041,-73.2793,83.44,75,97,2.62,CO,1667850293
531,ugoofaaru,5.6667,73.0,81.63,74,29,7.92,MV,1667850293
532,chulman,56.8479,124.9104,-0.11,100,95,2.68,RU,1667850294
533,ivanteyevka,55.9711,37.9208,36.34,97,100,6.49,RU,1667850294
534,los llanos de aridane,28.6585,-17.9182,67.75,80,20,5.75,ES,1667850294
535,pringsewu,-5.3582,104.9744,73.53,96,100,2.48,ID,1667850295
536,araguacu,-12.9306,-49.8264,88.05,50,94,2.39,BR,1667850295
537,petropavlovsk-kamchatskiy,53.0452,158.6483,21.79,74,75,4.47,RU,1667850295
538,poum,-20.2333,164.0167,77.5,82,100,10.92,NC,1667850296
539,gediz,39.0417,29.41,45.61,92,1,6.02,TR,1667850296
540,fallon,39.4735,-118.7774,47.44,32,75,6.91,US,1667850296
541,marzuq,14.4,46.4667,67.24,73,3,4.32,YE,1667850297
542,traverse city,44.7631,-85.6206,44.67,56,40,10.36,US,1667850199
543,suntar,62.1444,117.6319,12.24,96,100,3.91,RU,1667850297
544,inongo,-1.95,18.2667,72.36,91,58,3.04,CD,1667850298
545,khatanga,71.9667,102.5,5.04,96,100,5.91,RU,1667850298
546,havelock,34.8791,-76.9013,82.36,60,0,3.0,US,1667850298
547,khotynets,53.1286,35.3966,35.94,84,100,8.84,RU,1667850299
548,kibala,9.1104,18.3463,78.75,69,0,1.14,TD,1667850299
549,chake chake,-5.2459,39.7666,75.97,90,66,6.38,TZ,1667850300
550,mitu,1.1983,-70.1733,88.54,51,42,2.62,CO,1667850300
551,tucuman,-26.8241,-65.2226,91.4,22,100,3.44,AR,1667850300
552,bandarbeyla,9.4942,50.8122,78.64,72,0,5.7,SO,1667850301
553,hit,33.6416,42.8251,67.77,27,0,7.31,IQ,1667850301
554,honiara,-9.4333,159.95,79.56,85,42,1.83,SB,1667850301
555,hargeysa,9.56,44.065,66.96,83,1,8.41,SO,1667850302
